Inter-Korean Economic Cooperation Promotion Committee,Economic,None,None,None,9,None,None,None,None,None,None,,6/2/2004,6/4/2004,North Korea,Pyongyang,None,None,None,None,None,None,<p>Signed:  Appendex to South-North Shipping Agreement. The two Koreas concluded a 7-point agreement that includes a construction schedule for the Kaesong Industrial Complex. 
Inter-Korean Red Cross Talks,Korean War,None,None,None,4,None,None,"Seo Young-hoon, Korean Red Cross ",None,None,"Jang Jae-in, Chairman of the Central Committee of the North Korean Red Cross",,9/6/2002,9/8/2002,North Korea,Mt. Kumgang,None,None,None,None,None,None,<p>North and South Korea agreed to discuss the status of those who went missing during the war.
Working military talks in prepareation for defense ministerial talks ,Military,None,None,None,None,None,None,"Moon Sung-Mook, Colonel",None,None,"Pak Rim Su, Colonel",,11/12/2007,None,None,None,None,None,None,None,None,None,None
Inter-Korean Genera-Level Miliatry hotline Working Group,Military,None,None,None,1,None,None,"Kim Gang-seop, Colonel; 5 others",None,None,"Ohm Chang Nam, Colonel; 4 others",,6/25/2001,None,Neutral,Panmunjom,None,None,None,None,None,None,None
Video Family Reunion Meeting,Separated Families,None,None,None,7,None,None,None,None,None,None,,11/14/2007,11/15/2007,None,None,None,None,None,None,None,None,None
Inter-Korean Family Reunions,Separated Families,None,None,None,5*,None,None,None,None,None,None,,5/1/2007,None,North Korea,Mt. Kumgang  ,None,None,None,None,None,None,<p>148 people from South Korea crossed the border to reunite with more than 250 relatives in the DPRK. 
10th General Military Talks,Military,Maritime,None,None,10,kim-do-gyun-blank,kim-do-gyun-blank; cho-yong-geun; an-sang-min; lee-jong-joo; hwang-joon,None,ahn-ik-nam,ahn-ik-nam; kim-dong-il; kim-gwang-hyop; o-myong-chol; ham-in-sup,None,,10/26/2018,None,Neutral ,"Panmunjom, North Side",Unification House,None,Press Release from the Tenth Inter-Korean General Military Talks ,https://uploads-ssl.webflow.com/5cec81af5d0f470f6ca4604e/5da8e896f117aa509ed77926_Press%20Release%20from%20the%20Tenth%20Inter%20Korean%20General%20level%20Military%20Talks.pdf,https://uploads-ssl.webflow.com/5cec81af5d0f470f6ca4604e/5e14c8b097c440325b3705ff_Capture.PNG,None,"<p>Official Description from South Korea's Ministry of Unification: ""South and North held the Tenth Inter-Korean General Military Talks at Tongil House in Panmunjeom on October 26, to make an interim evaluation of progress in implementing the Agreement in the Military Domain, and discussed the schedule for future implementation, such as the withdrawal of a guard post (GP) and a joint hydrographic survey of the mouth of the Han River. In addition, South and North decided to organize the Inter-Korean Joint Military Committee as soon as possible to consistently provide the foundation for alleviation of Inter-Korean military tension and military trust-building.""</p>"
9th General Military Talks,Military,None,None,None,None,None,kim-do-gyun-blank; chin-yong,None,None,om-chang-nam; kim-dong-il; o-myong-chol; kim-gwang-hyop,None,,7/31/2018,None,Neutral,"Panmunjom, North Side",Unification House,None,None,None,None,None,"<p>Official Description from South Korea's Ministry of Unification: ""In the ninth round of inter-Korean General military talks held at Tongil House in Panmunjeom on July 31, South and North mutually agreed in a broad sense to demilitarize the Joint Security Area at Panmunjeom, conduct an inter-Korean joint excavation for war remains in the Demilitarized Zone, remove guard posts (GPs) mutually on a trial basis, and cease hostile acts in the West Sea. In relation to this, South and North decided to discuss the detailed schedule and method later.""</p>"
8th General Military Meetings,Military,None,None,None,8,kim-do-gyun-blank,kim-do-gyun-blank,None,ahn-ik-nam,ahn-ik-nam; o-myong-chol; om-chang-nam; kim-dong-il; kim-kwang-hyop,None,,6/14/2018,None,Neutral,Panmunjom North-side,Unification House,None,None,Military talks working to establish communication lines in the East. ,None,None,"<p>Official Description from South Korea's Ministry of Unification: ""After agreement was reached at the inter-Korean summit on April 27 to relieve military tension and practically resolve the risk of war, the eighth round of inter-Korean General military talks was held at Tongil House in Panmunjeom on June 14 to discuss implementation measures. In these talks, South and North confirmed their commitment to implementing the agreements related to the military in the Panmunjeom Declaration, and agreed to restore the East West Sea district military communication line. The two sides also agreed to restore the June 4 Agreement for the prevention of accidental clashes in the West Sea (Yellow Sea).</p><p>Then, in a Working meeting in regard to communications which took place on June 25, South and North discussed practical matters relating to the restoration of the military communication line in the East and West Sea districts. In this regard, the West Sea (Yellow Sea) district military communication line was restored and normalized from July 16, and the East Sea district military communication line from August 15. Furthermore, communication via international standard radio frequencies between South and North patrol vessels, which had been shut down since May 2008, was resumed from July 1.""</p>"
Inter-Korean Genearl Level Military Talks,Military,None,None,None,3,None,None,"Han Min-koo, Major General",None,None,None,,3/2/2006,3/3/2006,None,None,None,None,None,None,None,None,<p>Te agenda of the talks included the prevention of armed conflict at the controversial sea border in the Yellow Sea (disputed Northern Limit Line) and establishment of a joint fishing area around the disputed sea border area. The towo sides also discussed military gurantees for security of joint-train lines.
Representative   Inter-Korean General Level ,Military,None,None,None,2,None,None,"Moon Seong-mook,  Colonel ",None,None,"Yoo Young Chir, Senior Colonel, Korean People's Army",,6/29/2004,6/30/2004,None,None,None,None,None,None,None,None,None
Representative   Inter-Korean General Level ,Military,None,None,None,1,None,None,"Moon Seong-mook,  Colonel",None,None,"Yoo Young Chir, Senior Colonel, Korean People's Army",,6/10/2004,6/12/2004,None,None,None,None,None,None,None,None,None
Inter-Korean General Level Talks,Military,None,None,None,2,None,None,None,None,None,None,,6/3/2004,6/4/2004,South Korea,Mt. Seorak,None,None,None,None,None,None,"<p>The Navies of the DPRK and ROK agreed to to set up a telphone hotline, share radio frequency, use joint signaling systems, and exchange information on checking illlict fishing around the NLL from mid-June onwards. They also agreed to stop popaganda loudspeakers, dismantle propaganda singboards by mid-August. The two sides agreed to hold lower-level military dialogue at Kaesong on June 10."
Inter-Korean General Level Talks,Military,None,None,None,2,None,None,"Moon Seong-mook,  Colonel ",None,None,"Yoo Young Chir, Senior Colonel, Korean People's Army",,6/3/2004,6/4/2004,South Korea,Mt. Seorak,None,None,None,None,None,None,None
Inter-Korean Military Talks,Military,None,None,None,1,None,None,"Park Jung-hwa, Rear Admiral ",None,None,None,,5/26/2004,None,North Korea,Mt. Kumgang,None,None,None,None,None,None,<p>Measures were adopted aimed at avoiding clashes along the controversial Northern Limit Line (inter-Korean disputed maritime border in the Yellow Sea) during crab season. 
Inter-Korean General Level Talks,Military,None,None,None,1,None,None,"Park Jong-hwa,  Naval Brigadier General, Department of Defense",None,None,"Ahn Ik San, Marshall, Korean People's Army",,5/26/2004,None,None,None,None,None,None,None,None,None,None
5th High Talks,Political,None,None,None,5,cho-myung-gyon,cho-myung-gyon; jin-he-song-blank; no-thaae-gang; kim-jong-ryol; ahn-mun-hyuk-blank,None,ri-son-gwan,ri-son-gwan; pak-ho-yong; won-kil-u; pak-myong-chol; kim-yun-hyok,None,,10/15/2018,None,Neutral,Panmunjom (South Side),Peace House,None,Joint Press Statement,https://uploads-ssl.webflow.com/5cec81af5d0f470f6ca4604e/5da8e8f10f4f5074652e69c4_Joint%20Press%20Release%20of%20the%20Fifth%20Inter%20Korean%20High%20Level%20Talks%20to%20Carry%20out%20the%20Pyongyang%20Joint%20Declaration%20of%20September%20201%208.pdf,None,None,"<p>Official Description from South Korea's Ministry of Unification: ""Right after the inter-Korean summit in Pyeongyang, a fifth round of highlevel talks on implementing the Pyongyang Joint Declaration took place at Peace House in Panmunjeom on October 15. In these talks, South and North agreed to hold follow-up meetings in each field, such as General military talks, sectoral talks on forestry cooperation as well as on public health and medical care, sports talks, and inter-Korean Red Cross talks, and to conduct a joint on-site survey of eastern and western coastline railways as part of a detailed plan for implementing the Pyongyang Joint Declaration.""</p>"
4th High Talks,Political,None,None,None,4,cho-myung-gyon,cho-myung-gyon; jin-he-song-blank; ahn-mun-hyuk-blank,None,ri-son-gwan,ri-son-gwan; pak-yong-il; kim-yun-hyok; pak-ho-yong; pak-myong-chol,None,,8/16/2018,None,Neutral,"Panmunjom, North Side",Unification House,None,Joint Press Release,https://uploads-ssl.webflow.com/5cec81af5d0f470f6ca4604e/5da8e8f9537b19790ed7a540_Joint%20Press%20Release%20of%20the%20Fourth%20Inter%20Korean%20High%20level%20Talks.pdf,None,None,"<p>Official Description from South Korea's Ministry of Unification: ""The fourth inter-Korean High talks were held at Tongil House in Panmunjeom on August 1 3 . In the talks , South and North comprehensively checked the progress of implementation of the Panmunjeom Declaration, and agreed to hold the inter-Korean summit in Pyeongyang within September.""</p><p>â€</p>"
3rd High Talks,Political,None,None,None,3,cho-myung-gyon,cho-myung-gyon; no-thaae-gang; kim-jong-ryol; kim-nam-jun-blank; ahn-mun-hyuk-blank,None,ri-son-gwan,ri-son-gwan; kim-yun-hyok; won-kil-u; pak-yong-il; pak-myong-chol,None,,6/1/2018,None,Neutral ,"Panmunjom, South Side",Peace House,None,None,https://uploads-ssl.webflow.com/5cec81af5d0f470f6ca4604e/5da8e900f117aaaa2fd77dfa_Joint%20Press%20Release%20of%20the%20Third%20Inter-Korean%20High%20level%20Talks%20South%20and%20North.pdf,None,None,"<p>Official Description from South Korea's Ministry of Unification: ""Following the inter-Korean summit on April 27, a third round of inter-Korean High talks was held on June 1 to discuss the plan for implementing the Panmunjeom Declaration. In these talks South and North decided to install the Inter-Korean Joint Liaison Office in the Gaeseong Industrial Complex, and agreed to hold follow-up meetings in each field, such as General military talks, sports talks, inter-Korean Red Cross talks, sectoral meetings on railways and roads cooperation, on forestry, and other matters. In addition, the two parties decided to discuss the plan for celebrating the 18th anniversary of the announcement of the June 15 Joint Declaration through the exchange of documents, and to determine the date and venue of Working talks regarding the performance of North Korea's art troupe in the South in the autumn through the exchange of documents.""</p>"
2nd High Talks,Political,None,None,None,2,cho-myung-gyon,cho-myung-gyon; yoon-young-chan,None,ri-son-gwan,ri-son-gwan; jeon-jong-su-blank; kim-myong-il,None,,3/29/2018,None,Neutral,"Panmunjom, North Side",Unification House,None,Joint Press Release,https://uploads-ssl.webflow.com/5cec81af5d0f470f6ca4604e/5da8e90a5df54b0f4bd45363_Joint%20Press%20Release%20of%20the%20Second%20Inter.pdf,None,None,"<p>Official Description from South Korea's Ministry of Unification: ""In the second round of inter-Korean High talks at Tongil House in Panmunjeom on March 29, discussion was held on issues relating to the 2018 Inter-Korean Summit. As a result, South and North decided to hold the summit at Peace House in Panmunjeom on April 27, and to prepare for it by holding Working talks on protocol, escort and report as well as on communication.""</p>"
North / South Leader Summit Preperatory Meeting,Political,None,None,None,None,cho-myung-gyon,jin-he-song-blank; yoon-young-chan,None,ri-son-gwan,jeon-jong-su-blank; kim-myong-il,None,,3/29/2018,None,Neutral,Panmunjom (North Side) ,Unification House,None,None,None,None,None,None
North / South Special Envoy Meeting,Political,None,None,None,None,chung-eui-yong,None,None,None,None,None,,3/5/2018,3/6/2018,North Korea,Pyongyang,WPK Headquarters ,https://www.nytimes.com/2018/03/05/world/asia/south-korea-kim-jong-un-talks.html,None,None,None,None,None
1st High Talks,Political,None,None,None,1,cho-myung-gyon,cho-myung-gyon; no-thaae-gang; jin-he-song-blank; kim-ki-hong-blank; ahn-mun-hyuk-blank,None,ri-son-gwan,ri-son-gwan; won-kil-u; ri-gyong-sik-blank; hwang-chung-seong; jeon-jong-su-blank,None,,1/8/2018,1/9/2018,Neutral,Panmunjom (South Side),Panmunjom Peace House,None,Inter-Korean High Level Talks Joint Statement,https://uploads-ssl.webflow.com/5cec81af5d0f470f6ca4604e/5d407c5b2bc0d01590f58b06_Inter-Korean%20High%20Talks%2C%20January%201%2C%202018%20Panmunjom%20Peace%20House%2C%20Joint%20Press%20Release.pdf,None,None,"<p>Official Description from South Korea's Ministry of Unification: ""In the first round of inter-Korean High talks held at Peace House in Panmunjeom on January 9, discussions were held on issues pertaining to the improvement of relations. The agenda included issues such as the alleviation of military tension, the holding of meetings on each field and North Korea's participation in the Pyeongchang Winter Olympics Paralympics.""</p>"
High -Level Talks and Agreements on General Cooperation and the Goal of Denuclearization ,Political,None,None,None,None,None,None,None,None,None,None,,9/4/1990,9/7/1990,None,None,None,None,None,None,None,None,"<p>Agreement on Reconciliation, Non-Aggression, Exchanges and Cooperation  /   Joint Delcaration on the Denuclearization of the Korean Peninusla"
Inter-Korean Ministerial Meetings on the Implementation of the Panmunjom Declaration,Political,None,None,None,None,cho-myung-gyon,cho-myung-gyon; no-thaae-gang; kim-jong-ryol; kim-nam-jun-blank; ahn-mun-hyuk-blank,None,ri-son-gwan,ri-son-gwan; kim-yun-hyok; won-kil-u; pak-yong-il; pak-myong-chol,None,,None,None,None,None,None,None,None,None,None,None,<p>The two sides agreed to hold subcommittee level talks later in June (2018) to coordinate family reunions as well as discussions for sending a combined team to the Asian Games. They also agreed on establishing an inter-Korean liaison office at the Kaesong Industrial Park. </p>
Inter-Korean Leadership Summit,Summit,None,None,None,None,None,None,None,None,None,None,,10/2/2007,10/4/2007,None,None,None,None,None,None,None,None,None
Inter-Korean Leadership Summit,None,None,None,None,None,None,None,"Kim Dae-jung, President",None,None,"Kim Jong Il, Chariman of the National Defense Commission (Official title) Leader of North Korea (de facto)",,6/13/2000,6/15/2000,North Korea,Pyongyang,None,None,None,None,None,None,None
Inter-Korean Shipping & Maritime Coordination,Maritime,Economic,Infrastructure,Trade,4,None,None,"Jong Sang-Ho, Director of Ministry Maritime Affairs and Fisheries ",None,None,"Cha Seon Mo, Director of the Coastal Affairs Bureau ",,2/25/2004,2/26/2004,North Korea,Kaesong,None,None,None,None,None,None,None
Inter-Korean Ministerial Meetings,None,None,None,None,20,None,None,None,None,None,None,,7/11/2007,7/13/2007,None,None,None,None,None,None,None,None,<p>South Korea expressed regrets over recent missile tests and demands the North to return the Six-Party Talks. North Korea demands abolition of restrictions on observation sites and of South Korea's National Security Law. The meeting ended abruptly.
Inter-Korean Ministerial Meetings,None,None,None,None,None,None,None,None,None,None,None,,2/27/2007,3/3/2007,North Korea,Pyongyang,None,None,None,None,None,None,None
Inter-Korean Ministerial Meetings,None,None,None,None,None,None,None,None,None,None,None,,2/15/2007,None,North Korea,Kaesong,None,None,None,None,None,None,None
Inter-Korean Ministerial Meetings,None,None,None,None,13,None,None,Unification Minister Jeong Se-hyun,None,None,"Kim Ryong Song, Councilor of the Cabinet; four additional members to delegation unlisted by South Korea's Ministry of Unification",,2/3/2004,2/6/2004,None,None,None,None,None,None,None,None,"<p>Ongoing projects discussed include sightseeing tours to Mt. Kumgang, re-linking cross-border railways and roads, and constucting a joint industrial park in Kaesong, DPRK."
Inter-Korean Ministerial Meetings,Korean War,None,None,None,15,None,None,None,None,None,None,,6/21/2005,6/25/2005,None,None,None,None,None,None,None,None,"<p>The two sides agreed to ""consult humanitarian issues"" including the confirmation of status of those who went missing during the wartime. "
Inter-Korean Ministerial Meetings,None,None,None,None,14,None,None,"Chung Dong-young, Minister of Unification",None,None,"Kwon Ho Jung, Senior Councilor of Cabinet ",,5/4/2004,5/7/2004,North Korea,Pyongyang,None,None,None,None,None,None,<p>Two sides agreed to hold top-level military talks on 5/26/2004.
Inter-Korean Ministerial Meetings,None,None,None,None,12,None,None,"Jong Se-hyon, Minister of Unification",None,None,"Kim Ryong Song, Senior Cabinet Councilor ",,10/14/2003,10/17/2003,North Korea,Pyongyang,None,None,None,None,None,None,None
Inter-Korean Ministerial Meetings,Political,Sports,Separated Families,None,None,Cho Myoung-gyon ,None,None,Ri Son Gwon ,None,None,,6/1/2018,None,Neutral,Panmunjom,Peace House,None,None,None,None,None,<p>The two Koreas agreed to hold talkis later in June on family reunions. They also agreed to establish a liason office at Kaesong and hold talks on combined teams for Asian Games in August.
Inter - Korean defense ministerial talks,Military,None,None,None,None,None,None,None,None,None,None,,11/1/2007,None,None,None,None,None,None,None,None,None,"<p>Defense ministerial talks actually occurred in late November, 2007. South Korea's Ministry of Unification did not specify the exact date of dialogue."
Inter-Korean Ministerial Meetings,Foreign Relations,None,None,None,None,None,None,"Song Min-soon, Foreign Minister",None,None,"Park Uli Choon, Foreign Minister",,8/2/2007,None,None,None,None,None,None,None,None,None,"<p>South Korea's Ministry of Unification said that during the meeting, both ministers acknowledged the role of the two Koreas in moving the Six-party process forward, and welcomed the recent progress made in the talks including the implementation of the February 13 agreement and the continuation of substantive discussions between the North and the United States. The two Koreas also agreed to make efforts towards achieving denuclearization of the Korean Peninsula and the normalization of diplomatic relations among the parties concerned with a view to further promoting peace and security on the Korean Peninsula. "
Inter-Korean Ministerial Meetings,None,None,None,None,19,None,None,None,None,None,None,,4/30/2007,None,None,None,None,None,None,None,None,None,None
Inter-Korean Ministerial Meetings,Korean War,Abductions,None,None,None,None,None,None,None,None,None,,4/21/2006,4/24/2006,North Korea,Pyongyang,None,None,None,None,None,None,<p>Representatives agreed to cooperation on abducted persons and POW issues
Inter-Korean Ministerial Meetings,None,None,None,None,18,None,None,"Lee Jong-seok, Chief Delegate ",None,None,None,,4/21/2006,4/24/2006,North Korea,Pyongyang,None,None,None,None,None,None,<p>Originally scheduled for 3/28 - 3/31 but postponed due to U.S.-South Korean military drills.
Inter-Korean Ministerial Meetings,None,None,None,None,17,None,None,"Chung Dong-young, Minister of Unification",None,None,"Kwon Ho Ung, Cabinet Councilor",,12/13/2005,12/16/2005,None,None,None,None,None,None,None,None,"<p>The two sides failed to set a date for a new round of meetings between their General military officials. However, the two Koreas produced a joint statement:  ""We share an understanding that the joint statement from the fourth round of the six-party talks must be implemented at the earliest date possible."" "
Inter-Korean Ministerial Meetings,Korean War,None,None,None,16,None,None,None,None,None,None,,9/13/2005,9/16/2005,North Korea,Mt. Paektu,None,None,None,None,None,None,<p>The two Koreas continued consultations on confirming the statuses of those who went missing during the war.
Inter-Korean Ministerial Meetings,None,None,None,None,15,None,None,"Chung Dong-young, Minister of Unification",None,None,"Kwon Ho Ung, Cabinet Councilor",,7/22/2005,7/23/2005,None,None,None,None,None,None,None,None,"<p>Joint Statement: ""South Korea and the DPRK agreed to take substantial steps to peacefully resolve the nuclear issue through means of dialogue."" "
Inter-Korean Economic Cooperation Promotion Committee,Economic,None,None,None,10,None,None,None,None,None,"Choe Yong Gon, Minister of Construction and Bulding Material Industries ",,7/9/2005,7/12/2005,South Korea,Seoul,Grand Hilton Hotel,None,None,None,None,None,"<p>The two sides agreed to jointly exploit coal, magnesium, and zinc mines in DPRK territory beginning next year. South Korea urges the DPRK to provide investment assurance on those undeground resources. "
Cancelled inter-Korean Talks,None,None,None,None,None,None,None,None,None,None,None,,8/3/2004,None,None,None,None,None,None,None,None,None,"<p>The DPRK cancelled the inter-Korean ministerial talks in an apparent protest over matters, including Seoul's refusal to let some of its citizens visit Pyongyang for the 10th anniversary of the death of the DPRK's founding leader Kim Il Sung."
Inter-Korean (Open) Account Settle / Repayment Group,Economic,Financial,None,None,None,None,None,"Chun Heon-cheor, Vice President of the Korea Export Import Bank; Park Yoo-hwan, Deputy Director of the Korea Export Important Bank",None,None,"Choi Chung Sik, Deputy Director of the Korea Trade Bank; Oh Sung-chol, Chosun Trade Bank (?????? ???) ",,6/24/2004,6/25/2004,North Korea,Kaseong,None,None,None,None,None,None,<p>This was also the second meeting of the Banking Working Group.
Inter-Korean (Open) Account Settle / Repayment Group,Economic,Financial,None,None,3,None,None,"Kim Woong-hee, Director, Ministry of Unification; Yoo Bok-hwan, Director of the Regional Economic Cooperation Department, Ministry of Unification; Kim Gyeong-won, Director  of the Trade Policy Bureau, Ministry Commerce, Industry and Energy",None,None,"Yoon Sun Ho, Trade Minister; Jin Cheol, Director of the National Planning Commission; Choi Jeong Sik, Deputy Director of Chosun Trade Bank ",,4/20/2004,4/22/2004,North Korea,Kaseong,None,None,None,None,None,None,None
North-South Railway and Road Connection Working Group,Infrastructure,Transportation,Economic,None,4,None,None,"Kim Gyeong-joong, Director of Inter-Korean (North/South) Transportation  ",None,None,"Park Jeong Song, Director of Railroad Connection (Foreign)",,4/8/2004,4/10/2004,North Korea,Kaseong,None,None,None,None,None,None,None
Inter-Korean Economic Cooperation Promotion Committee,Economic,None,None,None,6,None,None,Kim Kwang-rim Vice Minister of Finance and Economy,None,None,"Park Chang Yeon, Vice Chairman, National Planning Commission",,8/26/2003,8/28/2003,North Korea,Kaesong,None,None,None,None,None,None,None
North-South Railway and Road Connection Working Group,Infrastructure,Transportation,Economic,None,6,Cho Myung-gyon,None,None,None,None,"Park Jeong Song, Director of Railroad Connection",,8/21/2003,8/22/2003,North Korea,Kaesong,None,None,None,None,None,None,None
Inter-Korean Economic Cooperation System Working Meeting,Economic,None,None,None,2,None,None,"Kim Sung-jin Director, Economic Cooperation Bureau, Ministry of Finance and Economy",None,None,"Kim Chun-keun, Deputy Chairman of Korea Federation of Economic Cooperation",,7/28/2003,7/31/2003,North Korea,Kaesong,None,None,None,None,None,None,None
Inter-Korean Ministerial Meetings,None,None,None,None,11,None,None,"Jeong Se-hyun, Minister of Unification",None,None,"Kim Ryong Song, Senior Cabinet Councilor ",,7/9/2003,7/12/2003,South Korea,Seoul,Shilla Hotel,None,None,None,None,None,None
 Inter-Korean Railway Roadwork Working Meeting,Infrastructure,Transportation,Economic,None,3,Cho Myung-gyon,None,None,None,None,"Park Jeong Song, Director of Railroad Connection",,7/2/2003,7/4/2003,North Korea,Munsan,None,None,None,None,None,None,None
North-South Railway and Road Connection Working Group,Infrastructure,Transportation,Economic,None,5,Cho Myung-gyon,None,None,None,None,"Park Jeong Song, Director of Railroad Connection ",,6/7/2003,6/9/2003,North Korea,Kaesong,None,None,None,None,None,None,None
North-South Railway and Road Connection Working Group,Infrastructure,Transportation,Economic,None,4,Cho Myung-gyon,None,None,None,None,"Park Jeong Song, Director of Railroad Connection ",,3/10/2003,3/12/2003,North Korea,Kaesong,None,None,None,None,None,None,None
 Inter-Korean Railway Roadwork Working Meeting,Infrastructure,Transportation,Economic,None,2,Cho Myung-gyon,None,None,None,None,"Park Jeong Song, Director of Railroad Connection (Foreign)",,1/22/2003,1/25/2003,None,None,None,None,None,None,None,None,None
Inter-Korean Ministerial Meetings,None,None,None,None,9,None,None,"Jong Se-hyon, Minister of Unification",None,None,"Kim Ryong Song, Senior Cabinet Councilor ",,1/21/2003,1/24/2003,South Korea,Seoul,None,None,None,None,None,None,None
North-South Railway and Road Connection Working Group,Infrastructure,Transportation,Economic,None,1,Cho Myung-gyon,None,None,None,None,"Park Jeong Song, Director of Railroad Connection (Foreign)",,9/13/2002,9/17/2002,South Korea,Seoul,None,None,None,None,None,None,None
Inter-Korean government talks to revitalize tourism in Mt. Geumgang,Tourism,None,None,None,2,Cho Myung-gyon,None,None,None,None,"Kim Taek Ryong, Cabinet General Secretary ",,9/10/2002,9/12/2002,North Korea,Mt. Kumgang,None,None,None,None,None,None,None
Inter-Korean Ministerial  Meetings,None,None,None,None,7,None,None,"Jong Se-hyon, Minster of Unification",None,None,"Kim Ryong Song, Disaster Response Ministry ",,8/12/2002,8/14/2002,South Korea,Seoul,None,None,None,None,None,None,None
Inter-Korean Ministerial Meetings,None,None,None,None,4,None,None,"Park Je-Gyoo, Minister of Unification",None,None,"Jeon Gum Jin, Deputy Cabinet  Minister",,12/12/2000,None,North Korea,Pyongyang,None,None,None,None,None,None,None
Inter-Korea Mid-level Military Talks,Military,None,None,None,2,None,None,"Kim Gyong-dok, Control Officer, Ministry of Defense ",None,None,"Yoo Young Chor, Senior Colonel, Korean People's Army",,12/5/2000,None,Neutral,Panmunjom,None,None,None,None,None,None,None
Inter-Korea Mid-level Military Talks,None,None,None,None,1,None,None,"Kim Gyong-dok, Control Officer, Ministry of Defense ",None,None,"Yoo Young Chor, Senior Colonel Korean People's Army",,11/28/2000,None,Neutral,Panmunjom,None,None,None,None,None,None,None
Inter-Korean Ministerial Meetings,None,None,None,None,3,None,None,"Park Je-Gyoo, Minister of Unification",None,None,"Jeon Gum Jin, Deputy Cabinet  Minister",,9/27/2000,9/30/2000,South Korea,Jeju,None,None,None,None,None,None,None
Inter-Korean Ministerial Meetings,None,None,None,None,2,None,None,"Park Je-Gyoo, Minister of Unification",None,None,"Jeon Gum Jin, Deputy Cabinet  Minister",,8/29/2000,9/1/2000,North Korea,Pyongyang,None,None,None,None,None,None,None
Inter-Korean Foreign Minister Meeting,Foreign Relations,None,None,None,1,None,None,"Lee Jung-bin, Minister of Foreign Affairs and Trade ",None,None,"Paik Nam Soon, Foreign Minister",,7/26/2000,None,None,None,None,None,None,None,None,None,None
Inter-Korean Ministerial Meetings,None,None,None,None,1,None,None,Park Je-Gyoo. Minister of Unification,None,None,"Jeon Gum Jin, Deputy Cabinet  Minister",,7/26/2000,7/31/2000,South Korea,Seoul,None,None,None,None,None,None,None
Inter-Korean Economic Cooperation Promotion Committee,Economic,Infrastructure,None,None,8,None,None,"Kim Chang-se, Director of the Water Resources Department, Ministry of Construction and Transportation",None,None,"Kim Byung Chil, Ministry of Land, Infrastructure and Environment",,None,None,None,None,None,None,None,None,None,None,None
Inter-Korean Ministerial Meetings,None,None,None,None,8,None,None,"Jong Se-hyon, Minister of Unification",None,None,"Kim Ryong Song, Senior Cabinet Councilor ",,10/19/2002,10/22/2002,North Korea,Pyongyang,None,None,None,None,None,None,None
The First Inter-Korean Railway and Road Connection Working-Group,Infrastructure,Transportation,None,None,1,Cho Myung-gyon,None,None,None,None,"Park Jeong Song, Director of Railroad Connection (Foreign)",,10/12/2002,10/13/2002,North Korea,Mt. Kumgang,None,None,None,None,None,None,None
Inter-Korean Ministerial Meetings,None,None,None,None,5,None,None,"Hong Soon-young, Minister of Unification",None,None,"Kim Ryong Song, Senior Cabinet Councilor ",,9/17/2001,None,South Korea,Seoul,Oylmpia Hotel,None,None,None,None,None,<p>Delegations spent the first day exchanging ideas for the agenda. 
Inter-Korean Economic Cooperation Promotion Committee,Economic,None,None,None,3,None,None,"Kim Gwal-lim, Vice Minister of Finance and Economy",None,None,"Choi Yong Gon, Minister of Industry and Reconstruction",,3/2/2004,3/5/2004,None,None,None,None,None,None,None,None,None
North-South Railway Working Group,Infrastructure,Transportation,Economic,None,9,None,None,"Cho Tae-yeol, Minster of Foreign Affairs and Trade / Amy Jackson Assistant U.S. Trade Representative for Korea",None,None,"Unlisted but likely Park Jeong Song, Director of Railroad Connections",,2/25/2004,2/26/2004,North Korea,Kaesong,None,None,None,None,None,None,None
Inter-Korean Economic Cooperation Promotion Committee,Economic,None,None,None,2,None,None,"Lee Gun-gyeong, Assistant Secretary of the Ministry of Finance and Economy ",None,None,"Jeong Un Eop, Vice Chairman of Korea Federation of Economic Cooperation",,11/8/2000,11/11/2000,North Korea,Pyongyang,None,None,None,None,None,None,None
Inter-Korean Economic Cooperation Promotion Committee,Economic,None,None,None,1,None,None,"Lee Gun-gyeong, Assistant Secretary of the Ministry of Finance and Economy ",None,None,"Jeong Un Eop, Vice Chairman of Korea Federation of Economic Cooperation",,9/25/2000,9/26/2000,South Korea,Jeju,None,None,None,None,None,None,None
Inter-Korean Defense Minister Meeting,Military,None,None,None,1,None,None,"Cho Song-tae, Minister of Defense",None,None," Kim Il-cheol, Director of Korean People's Armed Forces ",,9/25/2000,9/26/2000,South Korea,Jeju,None,None,None,None,None,None,None
National Council of Churches in Korea Proposes Joint Prayer Conference,Faith,None,None,None,None,None,None,None,None,None,None,,11/2/2011,11/5/2011,North Korea,Pyongyang,None,None,None,None,None,None,<p>Joint Prayer Conference Proposal by the National Council of Churches in Korea.
2nd Inter-Korean Sports Meeting,Sports,None,None,None,2,no-thaae-gang,no-thaae-gang; lee-ju-thae; song-hye-jin; park-chol-gun,None,won-kil-u,won-kil-u; ko-chol-ho; ri-un-chol,None,,12/14/2018,None,North Korea,Kaesong ,Inter-Korean Liaison Office,http://english.hani.co.kr/arti/english_edition/e_northkorea/874591.html,Inter-Korean Sports Subcommittee Meeting Joint Press Statement,https://uploads-ssl.webflow.com/5cec81af5d0f470f6ca4604e/5d4f1a3d48a5b3e4d124cd2a_Inter-Korean%20Sports%20Cooperation%20Subcommittee%20Joint%20Press%20Release.pdf,https://uploads-ssl.webflow.com/5cec81af5d0f470f6ca4604e/5e14c96ccf9b648b2cf0eb32_154494649437_20181217.jpg,MOU Photo Pool (via Hankyoreh),"<p> Official Description from South Korea's Ministry of Unification: ""South and North held the second sports sectoral meeting at the InterKorean Joint Liaison Office in Gaeseong on December 14 for consultation on a detailed promotion plan for joint participation in the 2020 Tokyo Summer Olympics and the co-hosting of the 2032 Summer Olympics. The delegates to this meeting consisted of those who had attended the sports sectoral meeting on November 2.</p><p>South and North agreed to hold a meeting with the International Olympic Committee (IOC) on February 15, 2019, regarding co-hosting the 2032 Summer Olympics, and to send a joint letter to the IOC at an early date. In addition, the two sides decided to jointly participate in the 2020 Tokyo Summer Olympics and Tokyo Summer Paralympic s . With respect to organization and participation of joint teams, the two sides agreed to form them in sports where they had previously combined teams, or as suggested by the International Sports Federation. In addition, the two sides agreed to consult each other based on document exchanges and Working talks.""</p><p>â€</p>"
1st Inter-Korean Telecommunications Administration Talks,Infrastructure,Communication,None,None,1,None,chun-chang-rim,None,ri-yong-min,ri-yong-min; ri-chol-2; ryu-sang; sin-seong-min; hwang-chung-seong,None,,11/23/2018,None,North Korea,Kaesong,Inter-Korean Liaison Office,None,None,None,None,None,"<p> Official Description from South Korea's Ministry of Unification: ""North Korea having proposed to hold Working talks to upgrade inter-Korean communication, and South Korea accepted the proposal, South and North held talks at the Inter-Korean Joint Liaison Office on November 23 to discuss matters regarding communication cooperation. During the talks North Korea proposed replacing optical cables in the inter-Korean communication line. South Korea responded positively that South and North should cooperate f o r the construction of the optical communication network. Furthermore, South and North agreed to consistently consult each other through the Inter-Korean Joint Liaison Office on matters needed t o construct such a network and modernize communications. ""</p>"
1st Inter-Korean Healthcare Sub-committee Talks,Public Health,None,None,None,1,gwon-dok-chol,gwon-dok-chol; kim-byong-de; gwon-jun-ok,None,pak-myong-su,pak-myong-su; pak-dong-chol; pak-chol-jin,None,,11/7/2018,None,North Korea,Kaesong,Inter-Korean Liaison Office,None,Inter-Korean Healthcare Subcommittee Meeting Joint Statement,https://uploads-ssl.webflow.com/5cec81af5d0f470f6ca4604e/5d4f23e82108a9bc63cd6d36_Inter-Korean%20Healthcare%20Subcommittee%20Meeting%20Joint%20Statement.pdf,None,None,"<p>Official Description from South Korea's Ministry of Unification: ""South and North agreed to strengthen cooperation in the field of epidemics, health and medical care as stated in the Pyongyang Joint Declaration. Then, in the fifth round of inter-Korean High talks, South and North agreed to hold a sectoral meeting for cooperation on healthcare at the Inter-Korean Joint Liaison Office in Gaeseong in late October. South Korea proposed to hold the meeting on October 24. However, as North Korea suggested a change to the date, South Korean accepted this , and the meeting took place at the Inter-Korean Joint Liaison Office on November 7 .</p><p>In the plenary meeting and the meetings between senior delegations, South and North agreed to launch a pilot project within this year, and adopted a joint press statement. In accordance with the agreement, South and North held Working talks at the director-general level in Gaeseong on December 12, where they shared information on infectious diseases .""</p>"
1st Sports Sectoral Meeting,Sports,None,None,None,1,no-thaae-gang,no-thaae-gang; lee-ju-thae; song-hye-jin; park-chol-gun,None,won-kil-u,won-kil-u; ko-chol-ho; ri-un-chol,None,,11/2/2018,None,Neutral,Kaesong,Inter-Korean Joint Liaison Office,None,Joint Press Release from the First Inter-Korean Sports Sectoral Meeting,https://uploads-ssl.webflow.com/5cec81af5d0f470f6ca4604e/5da8e8315df54bbe9bd441a0_Joint%20Press%20Release%20from%20the%20First%20Inter-Korean%20Sports%20Sectoral%20Meeting.pdf,None,None,"<p>Official Description from South Korea's Ministry of Unification: ""In the fifth round of High talks held for implementation of the Pyongyang Joint Declaration, South and North agreed to hold sports talks at the Inter-Korean Joint Liaison Office in late October. Then, North Korea proposed changing the date to November 2, a proposal South Korea accepted. Thus, the sports sectoral meeting was held at the Inter-Korean Joint Liaison Office in Gaeseong on November 2.</p><p>South and North decided to jointly participate in the 2020 Tokyo Summer Olympics and various international games, as agreed in the Pyongyang Joint Declaration, and, as a pilot project, a unified inter-Korean team will compete at the 2019 World Men's Handball Championships. In addition, the two sides agreed to jointly submit a bid to co-host the 2032 Summer Olympics and send a formal letter to the International Olympic Committee (IOC) to this effect. Furthermore, South and North decided to discuss practical matters in the Inter-Korean Joint Liaison Office, such as participation in the international games held by the other side, and the holding of goodwill matches on special occasions .""</p>"
2nd Inter-Korean Forest Cooperation Meeting,Environment,Forestry,Economic,None,2,park-jong-ho,park-jong-ho; lim-sang-seop; kim-hoon-ah,None,None,kim-song-jun; choe-bong-hwan; son-ji-myung,None,,10/22/2018,None,Neutral,Kaesong,Inter-Korean Joint Liaison Office,None,Joint Press Release of the Second Inter-Korean Sectoral Meeting for Cooperation on Forestry,https://uploads-ssl.webflow.com/5cec81af5d0f470f6ca4604e/5da8e87d0f4f50087e2e67df_Joint%20Press%20Release%20of%20the%20Second%20Inter-Korean%20Sectoral%20Meeting%20for%20Cooperation%20on%20Forestry.pdf,None,None,"<p>Official Description from South Korea's Ministry of Unification: ""South and North held the Second Inter-Korean Sectoral Meeting for Cooperation on Forestry in the Inter-Korean Joint Liaison Office in Gaeseong on October 22 to implement the Pyongyang Joint Declaration. This meeting was the first official consultation between South and North Korean authorities held in the Inter-Korean Joint Liaison Office since its opening on September 14. </p><p>The two sides having discussed the cooperative plan in detail through the first dialogue and the on-site visit to Mt. Geurngang for pest control, more practical and detailed agreements were made in the second meeting. First, South and North agreed to conduct annual forest diseases and pests control projects in accordance with seasonal outbreak of diseases, provide pesticides to control pine wilt, take joint actions for forest diseases and pests control until March 2019. During 2018 the two Koreas also undertook work to modernize the nurseries in the North's provinces, cities and counties during 20 1 8 . It was also decided to continue consultation on matters of cooperation in the production of forestry equipment, and to conduct an onsite visit to tree nurseries and forestry equipment factories in the North. The two sides also agreed to actively promote cooperation in protection and recovery of the natural ecosystem.""</p>"
2nd Inter-Korean Economic Cooperation Promotion Committee,Economic,None,None,None,2,None,yoon-jin-shik,None,None,pak-chang-ryun,None,,8/27/2018,8/30/2018,South Korea,Seoul,None,None,None,None,None,None,None
Inter-Korean Forest Cooperation Subcommittee,Enviroment,Forestry,Economic,None,None,None,ryu-kwang-su,None,kim-song-jun,kim-song-jun; pek-won-chol; ryang-gi-gon,None,,7/4/2018,None,Neutral,Panmunjom South Side,Peace House,None,Inter-Korean Forest Cooperation Subcommittee Joint Release,https://uploads-ssl.webflow.com/5cec81af5d0f470f6ca4604e/5d4d06af7ec3662ab6c4e290_Inter-Korean%20Forest%20Cooperation%20Subcommittee.pdf,None,None,"<p>Official Description from South Korea's Ministry of Unification: ""South and North held two meetings for cooperation on forestry. The first was held at Peace House in Panmunjeom on July 4, following an agreement made in the third round of High talks. It was the first time since the first meetings on health care and environmental cooperation in 2007, about 11 years earlier, that South and North had held talks on forestry cooperation.</p><p>In the first meeting (7/4/2018), South and North agreed on the need for cooperation on forest construction and protection, and decided to promote it step by step. In addition, the two sides decided to implement mutual cooperation in control of forest diseases and pests, and to take joint action in this respect in the inter-Korean border region. South and North also agreed to actively cooperate in the field of forestry science and technology.</p><p>According to the result of the first meeting, representatives of South Korean authorities together with experts visited Mt. Geumgang on August 8 to conduct a survey of the status of forest diseases and pests in North Korea, and discussed a detailed plan for cooperation on forestry.""</p><p>â€</p>"
Inter-Korean Sectoral Meeting for Cooperation on Roads,Infrastructure,Transportation,Economic,None,1,None,kim-jong-ryol; lee-ju-thae; baek-seung-geun,None,pak-ho-yong,pak-ho-yong; kim-gi-chol,None,,6/28/2018,None,Neutral,"Panmunjom, South Side",Peace House,None,Joint Press Release of Inter-Korean Sectoral Meeting for Cooperation on Roads,https://uploads-ssl.webflow.com/5cec81af5d0f470f6ca4604e/5da8e88b5df54bc085d44748_Joint%20Press%20Release%20of%20Inter%20Korean%20Sectoral%20Meeting%20for%20Cooperation%20on%20Railways.pdf,None,None,"<p>Official Description from South Korea's Ministry of Unification: ""South and North held the Inter-Korean Sectoral Meeting for Cooperation on Roads at Panmunjeom on June 28 to establish a plan for the connection and modernization of the Donghae (East Coast) line roads and the Seoul-Sinuiju (Gyeongeui) line roads as stated in the Panmunjeom Declaration, and discussed measures in this regard. It was the first time since the first meeting of the Inter-Korean Sectoral Committee for Railways Cooperation ten years before (Feb. 1 2 , 2008) that inter-Korean talks had been held in regard to roads.</p><p>In these talks, South and North agreed to discuss and finalize the scope, subject, level, and method of modernization of the Donghae (East Coast) line road and the Seoul-Sinuiju (Gyeongeui) line road. The section in the Donghae (East Coast) line roads to be modernized ranged from Goseong to Wonsan, and the section in the Seoul-Sinuiju (Gyeongeui) line roads from Gaeseong to Pyeongyang. The two sides agreed to further expand such modernization projects in the future. The scope of construction and the level of modernization with respect to all concerned subjects (road, structure, safety and operation facilities) in the sections in the Donghae (East Coast) line roads and the Seoul-Sinuiju (Gyeongeui) line roads to be modernized were determined in compliance with international standards and in accordance with regional characteristics. In addition, the two parties decided to hold a ground-breaking ceremony at the earliest possible date, after the necessary preparations. South and North agreed to precede with a joint survey on the sections of the roads to be modernized. To this end, the two sides decided to first organize a joint research team for the connection and modernization of inter-Korean roads, and to start its on-site survey with the Seoul-Sinuiju (Gyeongeui) Line in early August before proceeding to the Donghae (East Coast) Line. In addition, South and North agreed to work together to jointly develop advanced technology necessary for the construction and operation of roads in order to provide the technological foundation for these endeavors.""</p>"
Inter-Korean Railroad Cooperation Subcommittee Meeting,Infrastructure,Transportation,Economic,None,None,kim-jong-ryol,kim-jong-ryol; lee-ju-thae; son-myung-soo,None,kim-yun-hyok,kim-yun-hyok; kim-chang-sik; kye-bong-il,None,,6/26/2018,None,Neutral,Panmunjom (South Side),Peace House,None,Joint Press Release of Inter-Korean Railway Cooperation Subcommittee,https://uploads-ssl.webflow.com/5cec81af5d0f470f6ca4604e/5d4bb2138620ae191e31d034_Joint%20Press%20Release%20of%20Inter-Korean%20Railway%20Cooperation%20Subcommittee%E2%80%83.pdf,None,None,"<p>Official Description from South Korea's Ministry of Unification: ""On June 26, at Peace House in Panmunjeom, South and North held the Inter-Korean Sectoral Meeting for Cooperation on Railways, with a view to connecting and modernizing railways and roads as agreed in the Panmunjeom Declaration, and discussed measures for connecting and modernizing the Donghae (East Coast) Line as well as the Seoul-Sinuiju (Gyeongeui) Line. This was the first time since the first meeting of the Inter Korean Sectoral Committee for Railways Cooperation ten years before (Jan. 29, 2008) that the two Koreas had held talks on these matters.</p><p>South and North decided to conduct a joint on-site survey of the North Korean section (Mt. Geumgang-Duman River-Gaeseong-Sinuiju) as a preliminary project at the earliest date for modernization of the Donghae (East Coast) Line and the Seoul-Sinuiju (Gyeongeui) Line railways. First, the two sides decided to organize a joint research team for the connection and modernization of inter-Korean railways. The decision was made to start the joint on-site survey from the Seoul-Sinuiju (Gyeongeui) Line on July 24, and then proceed to the Donghae (East Coast) Line. The two parties decided to first conduct joint inspections on the Seoul-Sinuiju (Gyeongeui) Line junctions (Munsan-Gaeseong) in mid-July, followed by Donghae (East Coast) Line junction (Jejin-Mt. Geumgang), and then, in accordance with the results of the inspection, to take necessary follow- up measures, including construction near stations, and the establishment of a signal and communications system. In addition, South and North agreed to carry out the connection and modernization of the Donghae (East Coast) Line and the Seoul-Sinuiju (Gyeongeui) Line at an advanced level. To this end, they decided to formulate detailed practical measures including the design and construction methods for modernization of the railways. Both sides agreed to hold a ground-breaking ceremony at the earliest possible date based on the result.""</p><p>â€</p>"
12th Red Cross Meeting,Separated Families,None,None,None,12,park-kyung-seo,park-kyung-seo; kim-byong-de; ryu-jae-pil; woo-gwang-ho,None,pak-yong-il,pak-yong-il; han-sang-chol; kim-yong-chol-2,None,,6/22/2018,None,North Korea,Mt. Kumgang,Mt. Kumgang Hotel,None,Joint Press Release for 12th Inter-Korean Red Cross,https://uploads-ssl.webflow.com/5cec81af5d0f470f6ca4604e/5d4b7888313d9a9d1d57bb91_Joint%20Press%20Release%20for%2012th%20Inter-Korean%20Red%20Cross.pdf,None,None,"<p>Official Description from South Korea's Ministry of Unification: ""In the Panmunjeom Declaration, South and North decided to make an effort to promptly resolve the humanitarian issues caused by the division of the nation. The two Koreas agreed to hold a reunion of separated families and relatives on the occasion of National Liberation Day. In accordance with the agreement made at the third round of High talks, South and North held the 12th Inter-Korean Red Cross Talks at Mt. Geumgang on June 22.</p><p>South and North coordinated their opinions through two plenary meetings, one meeting between senior delegations, and two meetings between the delegates, and decided to hold the event for the reunion of separated families at Mt. Geumgang from August 20 to 26, so that 100 family members each from South and North could meet during each event. The two sides agreed to further discuss other humanitarian issues. </p><p>In accordance with the agreement reached in inter-Korean Red Cross talks, South and North held an event for a reunion of separated families at Mt. Geumgang from August 20 to 26, 2018, at which a total of 833 family members from 170 families were reunited. Then, the leaders of South and North having agreed in the Pyongyang Joint Declaration to strengthen humanitarian cooperation to fundamentally resolve the issue of separated families, the fifth High inter-Korean talks resulted in an agreement to hold Red Cross talks in November. However, as consultation on the documents was delayed, the Red Cross talks were postponed.""</p>"
3rd Inter-Korean Sports Meeting,Sports,None,None,None,3,jeon-choong-ryul,jeon-choong-ryul; song-hye-jin; park-chol-gun; lee-hae-don; kim-seok-gyoo,None,won-kil-u,won-kil-u; pak-chon-jong; hong-si-gon,None,,6/18/2018,None,Neutral,"Panmunjom, South Side",Peace House,None,Joint Press Release for Third Inter-Korean Sports Talks ,https://uploads-ssl.webflow.com/5cec81af5d0f470f6ca4604e/5da8e840f117aa58b8d776e2_Joint%20Press%20Release%20for%20Third%20Inter-Korean%20Sports%20Talks.pdf,None,None,"<p>Official Description from South Korea's Ministry of Unification: ""In the third round of High talks, South and North agreed to hold talks on June 18 to discuss joint entry in the 2018 Jakarta-Palembang Asian Games and the holding of the Inter-Korean Unification Basketball Games. These talks then took place in Panmunjeom on the date agreed upon.</p><p>South and North decided to march together in the Jakarta-Palembang Asian Games held in August and to form unified teams for some sports . In addition, the two sides also decided to participate jointly in the 2018 Asian Para Games. Furthermore, South and North agreed to participate in international games held by the other side, and to activate inter-Korean exchanges Â· cooperation in sports. In addition, the two sides agreed to hold the Inter-Korean Unification Basketball Games on July 4.""</p>"
Communication Lines,Military,Communication,None,None,None,None,None,None,None,None,None,,6/14/2018,None,None,None,None,None,None,None,None,None,<p>Military talks centered on establishing North-South communication lines in the east. 
Pyeongchang Paralympic Preparatory Meeting,Sports,None,None,None,1,lee-ju-thae,lee-ju-thae; song-hye-jin; im-chan-gyu,None,hwang-chung-seong,hwang-chung-seong; jong-hyeon; yoon-chul,None,,2/27/2018,None,Neutral,"Panmunjom, North Side",Unification House,None,Joint Press Release of the Working Talks on the Pyeongchang Winter Paralympics,https://uploads-ssl.webflow.com/5cec81af5d0f470f6ca4604e/5da8e73a0f4f50fc8c2e5c30_Joint%20Press%20Release%20of%20the%20Working%20Talks%20on%20the%20Pyeongchang%20Winter%20Paralympics.pdf,None,None,"<p>Official Description from South Korea's Ministry of Unification: ""At Tongil (Unification) House in Panmunjeom on February 27, South and North held Working talks to discuss the procedural details of North Korea's participation in the Winter Paralympics. North Korea decided to send the delegates and athletes via the Seoul-Sinuiju (Gyeongeui) land route on March 7, and discussed other matters through the exchange of documents.""</p>"
20th Family Reunion Meeting,Separated Families,None,None,None,20,None,None,None,None,None,None,,10/1/2015,None,None,None,None,None,None,None,None,None,None
19th (round two) Family Reunion Meeting,Separated Families,None,None,None,19,None,None,None,None,None,None,,2/23/2014,2/25/2014,None,None,None,None,None,None,None,None,<p>88 North Korean families met with 357 family members living in South Korea. 
19th (round one) Family Reunion Meeting,Separated Families,None,None,None,19,None,None,None,None,None,None,,2/20/2014,2/22/2014,None,None,None,None,None,None,None,None,<p>82 South Korean families (140 individuals) met with North Korean relatives (178 individuals).
Inter-Korean Red Cross Talks for Separated Family Issue,Separated Families,None,None,None,None,None,None,None,None,None,None,,2/5/2014,None,None,None,None,None,None,None,None,None,"<p>The two Koreas agreed to hold separated family meetings from 02/20/2014 - 02/25/2014, leading to the 19th reunions. "
Inter-Korean Red Cross Talks for Separated Family Issue,Separated Families,None,None,None,None,None,None,None,None,None,None,,8/23/2013,None,None,None,None,None,None,None,None,None,"<p>The two Koreas agreed to have a separated family reunion meeting of 100 members from each side from 9/25/2013 - 9/30/2013. They Exchanged final rosters on 9/16/2013, and agreed to have further televised meetings from 10/22/2013 - 10/23/2013. DPRK cancelled both planned meetings on 9/21/2013."
Inter-Korean Red Cross Talks for Separated Family Issue,Separated Families,None,None,None,None,None,None,None,None,None,None,,8/1/2012,None,None,None,None,None,None,None,None,None,"<p>Working talks which led to a Working agreement adopted on August 23, 2013."
North rejects South's calls for Red Cross talks,Separated Families,None,None,None,None,None,None,None,None,None,None,,2/1/2012,8/1/2012,None,None,None,None,None,None,None,None,<p>South Korea proposed Working Red Cross talks on the issue of separated families. The DPRK refused.
Family Reunion ,None,None,None,None,None,None,None,None,None,None,None,,10/30/2010,11/5/2010,None,None,None,None,None,None,None,None,None
Inter-Korean Red Cross Talks,Separated Families,None,None,None,None,None,None,None,None,None,None,,9/24/2010,None,None,None,None,None,None,None,None,None,"<p>Second of three planning meetings for Chusekok, or ""Korean Thanksgiving,"" family reunions."
Inter-Korean Red Cross Talks,Separated Families,None,None,None,None,None,None,None,None,None,None,,9/17/2010,None,None,None,None,None,None,None,None,None,"<p>The first of three planning meetings  for Chuseok, or ""Korean Thanksgiving,"" family reunions. "
Kasesong Industrial Complex (Round 2) ,Economic,None,None,None,3,None,None,None,None,None,None,,7/18/2010,None,None,None,Inter-Korean Ecnomic Cooperation Consultation Building ,None,None,None,None,None,None
Kasesong Insepction ,Economic,None,None,None,None,None,None,None,None,None,None,,1/19/2010,1/20/2010,None,None,None,None,None,None,None,None,<p>Represenatives from the North and the South met to assess joint inspection tours of the Kaesong Industrial Complex.
Inter-Korean Family Reunions,Separated Families,None,None,None,6* ,None,None,None,None,None,None,,9/26/2009,10/1/2009,North Korea,Mt. Kumkang ,None,None,None,None,None,None,None
Inter-Korean Red Cross Talks,Separated Families,None,None,None,None,None,None,None,None,None,None,,8/26/2009,8/28/2009,North Korea,Mt. Kumkang ,None,None,None,None,None,None,None
Service Linkage Between Munsan and Bongdong,None,None,None,None,None,None,None,None,None,None,None,,12/11/2007,None,None,None,None,None,None,None,None,None,<p>Service Scheduled to begin between Minsan and Bongdong from the November prime minister-level agreement.
South Korea Proposes Joint Economic Committe meeting in Seoul ,Economic,None,None,None,None,None,None,None,None,None,None,,12/4/2007,12/6/2007,None,None,None,None,None,None,None,None,None
Inter-Korean Red Cross Talks,Separated Families,None,None,None,9,None,None,None,None,None,None,,11/28/2007,11/30/2007,None,None,None,None,None,None,None,None,<p>The two sides agreed to allow 400 separated family members to meet face-to-face at Mt. Kumgang every year.
Inter Korean Prime Minsterial Talks ,None,None,None,None,None,None,None,"Han Duck-soo, Prime Minister   ",Pak Pong Ju,None,None,,11/16/2007,None,None,None,None,None,None,None,None,None,"<p>Establishment of a joint economic committee, headed by deputy prime ministers, to deal with economic cooperation issues."
Inter-Korean Nuclear Envoy Meeting,Nuclear,None,None,None,None,None,None,"Lim Sung-nam, Deputy Chief of Delegation to Six Party Talks",None,None,None,,10/22/2007,None,None,None,None,None,None,None,None,None,None
Event,None,None,None,None,None,None,None,None,None,None,None,,7/1/2007,None,None,None,None,None,None,None,None,None,<p>Proposed 14th meeting of Inter-Korea Committee for Economic Cooperation (ICEC).
Family Reunion Meeting,Separated Families,None,None,None,15,None,None,None,None,None,None,,5/12/2007,5/14/2007,None,None,None,None,None,None,None,None,<p>Four South Korean families requested meetings. One family was told their relative had died and was allowed to meet bereaved family members. The other three families were denied. 
Inter-Korea Committee for Economic Cooperation (ICEC),Economic,None,None,None,13,None,None,None,None,None,None,,4/23/2007,None,None,None,None,None,None,None,None,None,None
South Korea announces fertilizer gift to North Korea,None,None,None,None,None,None,None,None,None,None,None,,3/17/2007,None,None,None,None,None,None,None,None,None,"<p>South Korea announced it will begin transporting 300,000 tons of fertilizer to North Korea from March 27th. Meetings preceding the announcement are not clarified."
Inter-Korean Red Cross Talks,Separated Families,None,None,None,None,None,None,None,None,None,None,,3/10/2007,None,None,None,None,None,None,None,None,None,<p>The South and North Koren Red Cross delegations agreed to resume the construction of the family reunion center at Mt. Kumgang
Military Talks - Test Train Run,Military,Transportation,Economic,Infrastructure,None,None,None,None,None,None,Pak Jong Song,,5/25/2006,None,None,None,None,None,None,None,None,None,"<p>DPRK Announcement: ""It is impossible to conduct the trial operation of a north-south train on May 25 as scheduled. DPRK cited ""failure of both sides' military authorities to gurantee the train's safe passage"" "
Inter-Korean Red Cross Talks,Separated Families,None,None,None,8,None,None,None,None,None,None,,4/10/2006,4/13/2006,None,None,None,None,None,None,None,None,None
Inter-Korean Red Cross Talks,Separated Families,None,None,None,7,None,None,None,None,None,None,,2/21/2006,2/23/2006,North Korea,Mt. Kumgang ,None,None,None,None,None,None,None
Inter-Korean Red Cross Talks,Separated Families,None,None,None,6,None,None,None,None,None,None,,8/23/2005,8/25/2005,None,None,None,None,None,None,None,None,None
Inter-Korean Agricultural Cooperation Committee,Agriculture,None,None,None,1,None,None,None,None,None,None,,8/19/2005,None,None,None,None,None,None,None,None,None,"<p>Five areas of agricultural cooperation designated for topics of dialogue, including forestry."
Inter-Korean Fisheries Talks,Fisheries,Maritime,Economic,Environment,None,None,None,None,None,None,None,,7/25/2005,7/27/2005,None,None,None,None,None,None,None,None,None
Inter-Korean Rail Talks,Infrastructure,Transportation,Economic,None,None,None,None,None,None,None,None,,4/8/2004,4/10/2004,None,None,None,None,None,None,None,None,<p>Meeting rescheduled from one month earlier when talks were cancelled over the DPRK's objections to U.S-ROK joint military drills.
Inter-Korean Rail Talks,Infrastructure,Transportation,Economic,None,None,None,None,None,None,None,None,,3/24/2004,3/26/2004,None,None,None,None,None,None,None,None,<p>Scheduled talks were cancelled after DPRK objected to U.S. - Korean joint military drills. Rescheduled for the next month. 
Bilateral Trade Talks,Trade,Economic,None,None,None,None,None,None,None,None,None,,3/15/2004,3/16/2004,None,None,None,None,None,None,None,None,"<p>Talks rescheduled after DPRK demanded venue change (from Paju, ROK to Kaesong, DPRK) after ROK President Roh Moo-hyun was impeached."
Inter-Korean Cooperation Meeting,None,None,None,None,2,None,None,"Kim Woong-hee, Director, Ministry of Unification;  Lee Seong-han, Director of the International Economics Department, Ministry of Finance; Chong Jin-de, Director of Trade Policy Bureau, Ministry of Commerce, Industry and Energy  ",None,None,"Yoon Sun Ho, Trade Minister; Jin Cheol, Director of the National Planning Commission; Choi Jeong Sik, Deputy Director of Chosun Trade Bank ",,1/27/2004,1/29/2004,None,None,None,None,None,None,None,None,None
Preperatory Meeting ,None,None,None,None,None,None,None,"Sohn Byung-Joo Director, Customs Service",None,None,"Kim Ong Sup, National Federation of Economic Cooperation",,12/17/2003,12/20/2003,North Korea,Pyongyang,None,None,None,None,None,None,None
Data Sharing on Japan's arrest of Koreans during the colonial era,Information Sharing,Japan,None,None,None,None,None,"""Some National Assembly members""",None,None,None,,3/20/2003,3/25/2003,None,None,None,None,None,None,None,None,None
Family Reunion Meeting,Separated Families,None,None,None,6,None,None,None,None,None,None,,2/20/2003,2/25/2003,None,None,None,None,None,None,None,None,None
Family Reunion,Separated Families,None,None,None,6,None,None,None,None,None,None,,2/20/2003,2/25/2003,North Korea,Mt. Kumgang,None,None,None,None,None,None,None
Kaesong Industrial Complex,Economic,Infrastructure,None,None,None,None,None,None,None,None,None,,11/1/2002,None,None,None,None,None,None,None,None,None,<p>North and South Korea agree to open the Kaesong Industrial Complex.
Inter-Korean Military Task Force,Military,None,None,None,7,None,None,"Kim Kyung-deok, Deputy Director of Arms Control Department, Ministry of National Defense",None,None,"Yoo Young Chul, deputy director of the People's Armed Forces",,9/17/2002,None,None,None,None,None,None,None,None,None,None
Economic Talks between the Two Koreas,Economic,None,None,None,None,None,None,None,None,None,None,,8/29/2002,None,South Korea,Seoul,Grand Hilton Hotel,None,None,None,None,None,"<p>According to the Ministry of Unification, the second day of a plenary session led to: ""Near(ing) an agreement to start construction of the Gyeongui rail line linking Seoul to North's Sinuiju next month… agreed to set a timetable when they held ministerial talks [next] August 12-14 in Seoul"". The Seoul government considered assissting the North in its connection work, which was estimated at the time of reaching 30 billion won (USD 25 milllion)."
Inter-Korean Red Cross Talks,Separated Families,None,None,None,4,None,None,None,None,None,None,,2/1/2002,None,None,None,None,None,None,None,None,None,None
Inter-Korean Commission ,None,None,None,None,1,None,None,None,None,None,None,,12/28/2000,12/30/2000,None,Pyongyang,None,None,None,None,None,None,None
Agreement Signed,Agreement,None,None,None,None,None,None,None,None,None,None,,8/17/2000,None,None,None,None,None,None,None,None,None,<p>The two Koreas agreed to and signed the National Action Plan for the Enhancement of the North -South Space ? · ???? ????  ? ?????? ???? ?? ? ?? (????? 397?)
Inter-Korean Talks,Political,None,None,None,None,None,None,"Yang Young-shik, Vice Minister of Unification ",None,None,"Hong Soon Young, Foreign Minister ",,6/21/1999,None,None,None,None,None,None,None,None,None,None
Mt. Kumgang Tourism Talks,Tourism,None,None,None,None,None,None,None,None,None,None,,8/31/1998,None,None,None,None,None,None,None,None,None,<p>Mt. Kumgang Toursist Region restablished after talks.
Nuclear,Nuclear,None,None,None,None,None,None,None,None,None,None,,1/20/1992,None,None,None,None,None,None,None,None,None,<p>Joint Declaration on nuclear nonproliferation agreed on allowed for inspection of seven sites at the Yongbyon Nuclear Complex. Not official date was set for inspections.
Family Reunion Meeting,Separated Families,None,None,None,3,None,None,None,None,None,None,,None,None,None,None,None,None,None,None,None,None,None
Family Reunion Meeting,Separated Families,None,None,None,11,None,None,None,None,None,None,,None,None,None,None,None,None,None,None,None,None,"<p>This meeting is left out of KINU's report, which implies that no meetings were succesffuly arranged this time around. "
Family Reunion Meeting,Separated Families,None,None,None,17,None,None,None,None,None,None,,None,None,None,None,None,None,None,None,None,None,None
Family Reunion Meeting,Separated Families,None,None,None,18,None,None,None,None,None,None,,None,None,None,None,None,None,None,None,None,None,None
Consultatative  Meeting on the Prevention of Flood in the Imjin River Basin,Environment,Economic,None,None,2,None,None,None,None,None,None,,None,None,None,None,None,None,None,None,None,None,None
Working Meeting for North Korea's Dispatch of Art Troupes,Society and Culture,None,None,None,1,lee-woo-sung,lee-woo-sung; lee-won-chul; jung-chi-yong; han-jong-ok,None,None,kwon-hyok-bong; an-jung-ho; kim-soon-ho; kim-jong-su,None,,1/15/2018,None,Neutral,"Panmunjom, North Side",Unification House,None,Joint Press Release of Inter-Korean Working Contact Regarding Dispatch of North Korea's Performing Squad,https://uploads-ssl.webflow.com/5cec81af5d0f470f6ca4604e/5da8e810cbc0407ea4546438_Joint%20Press%20Release%20of%20Inter-Korean%20Working%20Level%20Contact%20Regarding%20Dispatch%20of%20North%20Korea%27s%20Performing%20Squad.pdf,None,None,"<p>Official Description from South Korea's Ministry of Unification: ""As North Korea agreed to send senior delegates, delegates of the National Olympic Committee, athletes, cheer squads, and art troupes to the Pyeongchang Winter Olympics, an inter-Korean Working meeting for the dispatch of the North Korean art troupe was held at Tongil House in Panmunjeom on January 15.</p><p>In the Working meeting, North Korea decided to send the art troupe consisting of about 140 members of the Samjiyon Orchestra, and to participate in performances in Seoul and Gangneung. South Korea agreed to guarantee the safety and convenience for the North Korean art troupe.""</p>"
Field Trip,Society and Culture,None,None,None,None,None,None,None,None,None,None,,8/26/2008,8/27/2009,South Korea,Paju,None,None,None,None,None,None,"<p>Students from Seoul National University High School and Hwagok Girls High School participate in a unification field trip to the North-South CIQ (Customs, Immigration and Quarantine) in Paju, South Korea."
Video Family Reunion ,Separated Families,None,None,None,6,None,None,None,None,None,None,,8/14/2007,None,None,None,None,None,None,None,None,None,None
Inter-Korea Exchange,Society and Culture,None,None,None,None,None,None,None,None,None,None,,12/19/2006,None,North Korea,Pyongyang,Yanggakdo Hotel,None,None,None,None,None,<p>Topic of exchange: special education and treatment for persons with disabilities.
Red Cross Family Reunions Halted,Separated Families,None,None,None,None,None,None,None,None,None,"Jang Jae On, Chariman of the Central Committee of the DPRK Red Cross Society ",,7/19/2006,None,None,None,None,None,None,None,None,None,None
Video Family Reunion ,Separated Families,None,None,None,5,None,None,None,None,None,None,,3/27/2006,3/29/2006,None,None,None,None,None,None,None,None,None
Inter-Korean Family Reunions,Separated Families,None,None,None,4,None,None,None,None,None,None,,2/27/2006,2/28/2006,North Korea,Mt. Kumgang ,None,None,None,None,None,None,<p>40 families met.
8/15 National Unification Conference,None,None,None,None,None,None,None,"Kim Young-Dae, Chairman of the National Reconciliation Council",None,None,None,,8/14/2002,8/17/2002,South Korea,Seoul,None,None,None,None,None,None,None
Inter-Korean Worker's Unification Forum,None,None,None,None,None,None,None,None,None,None,None,,12/11/2000,12/14/2000,North Korea,Mt. Kumgang ,None,None,None,None,None,None,None
Family Reunion ,None,None,None,None,2,None,None,None,None,None,None,,11/30/2000,12/2/2000,None,None,None,None,None,None,None,None,<p>100 people from both Koreas visited each other's capitals (Seoul and Pyongyang). 
Family Reunion ,Separated Families,None,None,None,1,None,None,None,None,None,None,,2/27/2000,2/28/2000,None,None,None,None,None,None,None,None,None
Inter-Korean Prime-Ministerial Talks (To Implement 2nd Inter-Korean Summit Outcome),None,None,None,None,1,None,None,"Han Duck-soo, Prime Minister  ",Pak Pong Ju,None,None,,11/16/2007,None,North Korea,Pyongyang,None,None,None,https://reliefweb.int/report/democratic-peoples-republic-korea/agreement-first-south-north-prime-ministerial-talks,None,None,<p> ROK Ministry of Unification said the two sides agreed to begin railway services between Munsan and Bongdong on Dec 11.
Inter-Korean Economic Cooperation Promotion Committee,Economic,None,None,None,2,Yoon Jin-shik ,None,None,Pak Chang Ryun,None,None,,8/27/2018,8/30/2018,South Korea,Seoul,None,None,None,None,None,None,None
A side meeting at the Six Party Talks,Nuclear,Political,None,None,None,None,None,"Song Min-soon, Deputy Foreign Minister and Head of Six Party Talks Delegation ",Kim Kye Gwan,None,None,,7/24/2005,None,None,None,None,None,None,None,None,None,None
Inter-Korean Talks,None,None,None,None,None,None,None,"Lee Bong-jo, Vice Minster of Unification ",None,None,"Kim Man Gil, Deputy Director of the Secretariat, Committee for the Peaceful Reuinifcation of the Fatherland",,5/16/2005,5/17/2005,North Korea,Kaesong,None,None,None,None,None,None,None
Red Cross VP Meeting ,Separated Families,None,None,None,2,None,None,"Lee Bum-suk, Vice President of Red Cross Society",None,None,"Kim Tae Hui, Chariman of the Central Committee of the DPRK Red Cross Society ",,9/13/1972,None,None,None,None,None,None,None,None,None,None
Red Cross VP Meeting ,Separated Families,None,None,None,1,None,None,"Lee Bum-suk, Vice President of Red Cross Society",None,None,"Kim Tae Hui, Chariman of the Central Committee of the DPRK Red Cross Society ",,8/30/1972,None,North Korea,Pyongyang,Taedong Gang Hall,None,None,None,None,None,None
North-South Railway and Road Connection Working Group,Infrastructure,Transportation,Economic,None,8,Cho Myung-gyon,None,None,None,None,"Park Jeong Song , Director of Railroad Connection (Foreign)",,12/2/2003,12/5/2003,South Korea,Seokcho,None,None,None,None,None,None,None
Working Talks - Post 2nd Inter-Korean Summit,None,None,None,None,None,None,None,None,None,None,None,,10/3/2007,None,None,None,None,None,None,None,None,None,"<p>The two sides planned working-group meetings to explore ways of strengthening bilateral cooperation in several areas, including the economy, culture, religion and politics. "
40th Inter-Korean Working Military Talks,Military,None,None,None,40,cho-yong-geun,cho-yong-geun; an-sang-min; lee-jong-joo,None,om-chang-nam,om-chang-nam; kim-dong-il; ri-seung-hyuk,None,,9/13/2018,9/14/2018,None,None,None,None,None,None,None,None,None
2nd Seismic Expert Meeting (Volcano Talks),Science,None,None,None,2,None,None,None,None,None,None,,4/12/2011,None,None,None,None,None,None,None,None,None,<p>The Two Koreas agreed to convene an academic seminar on potential volcano activity at Mount Paektu set to take place in May 2011.
1st Seismic Expert Meeting (Volcano Talks),Science,None,None,None,1,None,None,None,None,None,None,,3/29/2011,None,North Korea,Munsan,None,None,None,None,None,None,None
Preparatory Meetings for High Military Talks,Military,None,None,None,None,None,None,None,None,None,None,,2/8/2011,2/9/2011,None,None,None,None,None,None,None,None,<p>High military talks did not result from these Working meetings as hoped for by the South.
Inter-Korean Red Cross Talks for Separated Family Issue,Separated Families,None,None,None,None,None,None,None,None,None,None,,10/26/2010,10/27/2010,None,None,None,None,None,None,None,None,None
Inter-Korean Red Cross Talks for Separated Family Issue,Separated Families,None,None,None,None,None,None,None,None,None,None,,10/1/2010,None,None,None,None,None,None,None,None,None,"<p>North and South Korea planned for two inter-Korean ""family reunion"" meetings on the occasion of ""Korean Thanksgiving (or, Chuseok)"" "
3rd Family Reunion Plenary Meeting,Separated Families,None,None,None,3,None,None,None,None,None,None,,10/1/2010,None,North Korea,Mt. Kumkang ,None,None,None,None,None,None,<p>Two Koreas agreed to hold a family reunion at the Mt. Kumgang Reunion Center
Two Koreas Mil-Mil Meeting,Military,None,None,None,None,None,None,None,None,None,None,,9/30/2010,None,None,None,None,None,None,None,None,None,None
Family Reunion Plenary Meeting,Separated Families,None,None,None,2,None,None,None,None,None,None,,9/24/2010,None,None,None,Inter-Korean Ecnomic Cooperation Consultation Building ,None,None,None,None,None,None
Kasesong Industrial Complex (Round 2) ,Economic,None,None,None,2,None,None,None,None,None,None,,7/9/2010,None,None,None,Inter-Korean Ecnomic Cooperation Consultation Building ,None,None,None,None,None,None
Kasesong Industrial Complex (Round 2) ,Economic,None,None,None,1,None,None,None,None,None,None,,3/2/2010,None,None,None,Inter-Korean Ecnomic Cooperation Consultation Building ,None,None,None,None,None,None
Tourism Meeting,Tourism,None,None,None,None,None,None,None,None,None,None,,2/8/2010,None,None,None,None,None,None,None,None,None,<p>Mt. Kumgang and Kaesong tourism were the topics of discussion for this meeting.
Kaesong Industrial Complex ,Economic,None,None,None,4,None,None,None,None,None,None,,2/1/2010,None,None,None,None,None,None,https://www.unikorea.go.kr/eng_unikorea/news/releases/%3Bjsessionid=yD7CKuCV9d929-4ZceWSd25p.unikorea11?boardId=bbs_0000000000000034&mode=view&cntId=31339&category=&pageIdx=13,None,None,"<p>The two Koreas agreed to continue consulting on dormitory and wage issues at the Kaesong Industrial Complex through a separate set of Working meetings. Another round of Working meetings will follow Working talks on the 3C (crossing, customs clearance and communication) issues. "
Inter-Korean Red Cross Talks,Separated Families,None,None,None,None,None,None,None,None,None,None,,10/16/2009,None,None,None,Inter-Korean Ecnomic Cooperation Consultation Building ,None,None,None,None,None,None
Family Reunion Meeting,Separated Families,None,None,None,16,None,None,None,None,None,None,,10/17/2007,10/22/2007,None,None,None,None,None,None,None,None,None
Military Talks - Test Train Run,Military,Transportation,Economic ,Infrastructure,None,None,None,Hong Kwang-phyo,None,None,Pak Jong Song,,5/11/2007,None,North Korea,Mt. Kumgang,None,None,None,None,None,None,<p>The two Koreas agreed on test run of trains to cross the heavily fortifieed border. It was the first military contact between the two Koreas in a year.
Family Reunion Meeting,Separated Families,Abductions,None,None,14,None,None,None,None,None,None,,6/19/2006,6/30/2006,North Korea,Mt. Kumgang,None,None,None,None,None,None,"<p>Eight families of abducted persons requested a meeting. The DPRK confirmed one person and a meeting was held at Mt. Kumgang. Two weeks later, DPRK said it was the wrong person.  "
Family Reunion Meeting,Separated Families,Abductions,None,None,13,None,None,None,None,None,None,,3/22/2006,None,None,None,None,None,None,None,None,None,<p>ROK requested the whereabouts of four abducted persons but none was confirmed. 
Family Reunion Meeting,Separated Families,None,None,None,12,None,None,None,None,None,None,,11/5/2005,11/10/2005,None,None,None,None,None,None,None,None,None
Planning Meeting for Korean Liberation Celebration,Political,None,None,None,None,None,None,None,None,None,None,,7/1/2005,None,North Korea,Kaesong,None,None,None,None,None,None,<p>A planning meeting took place for a DPRK delegation to visit the ROK to celebrate the 60th Anniversary of Korean Liberation.
Family Reunion Meeting,Separated Families,None,None,None,10,None,None,None,None,None,None,,7/11/2004,7/16/2004,None,None,None,None,None,None,None,None,None
North-South Railway Working Group,Infrastructure,Transportation,Economic,None,10,None,None,"Kim Gyeong-joong, Director of Inter-Korean (North/South) Transportation  ",None,None,None,,6/30/2004,7/2/2004,None,None,None,None,None,None,None,None,None
Inter-Korean Working Talks to prepare for 2nd round of General Level Talks,Military,None,None,None,1,None,None,None,None,None,None,,6/10/2004,None,None,None,None,None,None,None,None,None,None
Inter-Korean Red Cross Talks,Separated Families,None,None,None,4,None,None,"Lee Byung-woong, Special Rapporteur of the Koraen Red Cross",None,None,"Choi Sung Ik, Head of the Chosun (DPRK) Red Cross Central Committee",,5/24/2004,5/25/2004,North Korea,Mt. Kumgang,None,None,None,None,None,None,None
Inter-Korean (Open) Account Settle / Repayment Group,Economic,Financial,None,None,None,None,None,"Chun Heon-cheor, Vice President of the Korea Export Import Bank; Park Yoo-hwan, Deputy Director of the Korea Export Important Bank",None,None,"Choi Chung Sik, Deputy Driector of the Korea Trade Bank; Oh Sung-chol, Chosun Trade Bank (?????? ???) ",,5/18/2004,5/19/2004,North Korea,Pyongyang,None,None,None,None,None,None,<p>First Meeting of the Banking Working Group.
Family Reunion Meeting,Separated Families,None,None,None,9,None,None,None,None,None,None,,3/29/2004,4/3/2004,None,None,None,None,None,None,None,None,None
Inter-Korean Economic Cooperation Promotion Committee,Economic,None,None,None,1,None,None,"Kim Ho-nyeon, Director of Special Legislation Ministry of Justice; Lee Sung-seop, Intercultural Cooperation Advisor  ",None,None,"Kim Choon Gun, Secretary of the Federation of Korean Economic Coopeartion; Choi Jong Won, Director of the Bureau of Immigration",,1/27/2004,1/29/2004,North Korea,Kaesong ,None,None,None,None,None,None,None
Inter-Korean Military Task Force,Military,None,None,None,9,None,None,"Moon Sung-mook, Deputy Director of the Defense Ministry",None,None,"Yoo Young Chir, Deputy Director of the Ministry of National Defense",,12/23/2003,None,Neutral,Panmunjom,None,None,None,None,None,None,None
Inter-Korean Economic Cooperation System Working Meeting,Economic,None,None,None,4,None,None,"Lim Young-rak, Director of Economic Cooperation Bureau, Ministry of Finance and Economy",None,None,"Kim Chun Keun, Deputy Chairman of Korea Federation of Economic Cooperation",,12/17/2003,12/20/2003,North Korea,Pyongyang,None,None,None,None,None,None,None
Inter-Korean military working-group,Military,None,None,None,10,None,None,"Moon Sung-mook, Deputy director of the Defense Ministry",None,None,"Yoo Young Chir, Deputy Director of the Ministry of National Defense",,11/28/2003,None,None,"""???""",None,None,None,None,None,None,None
Inter-Korean military working-group,Military,None,None,None,9,None,None,"Moon Sung-mook, Deputy director of the Defense Ministry",None,None,"Yoo Young Chir, Deputy director of the Ministry of National Defense",,11/14/2003,None,Neutral,Panmunjom ,Peace House,None,None,None,None,None,None
Inter-Korean Economic Cooperation Working GRoup ,Economic,None,None,None,2,None,None,"Kim Kwang-rim, Vice Minister of Finance and Economy",None,None,"Choi Yong Gon, Minister of Industry and Reconstruction ",,11/5/2003,11/8/2003,North Korea,Pyongyang,None,None,None,None,None,None,None
None,None,None,None,None,5,None,None,"Lee Byung Woong,  Special Rapporteur of the Korean Red Cross",None,None,"Choi Sung Ik, Head of the Chosun (DPRK) Red Cross Central Committee",,11/4/2003,11/6/2003,North Korea,Mt. Kumgang,None,None,None,None,None,None,None
North-South Railway and Road Connection Working Group,Infrastructure,Transportation,Economic,None,7,None,None,Cho Myung-gyon,None,None,"Park Jeong Song, Director of Railroad Connection",,10/27/2003,10/28/2003,North Korea,Kaesong,None,None,None,None,None,None,None
Inter-Korean Shipping Cooperation Working Group,Maritime,Economic,Infrastructure,Trade,3,None,None,"Kang Moo-hyun, Director, Marine Fisheries Department",None,None,"Cha Seon Mo, Director of the Coastal Affairs Bureau ",,10/11/2003,10/12/2003,North Korea,Musan,None,None,None,None,None,None,None
Inter-Korean Economic Cooperation System Working Meeting,Economic,None,None,None,3,None,None,"Lim Young-rak, Director, Economic Cooperation Bureau, Ministry of Finance and Economy",None,None,"Kim Chun Keun, Secretary-General, National Association of Economic Cooperation",,10/11/2003,10/12/2003,North Korea,Musan,None,None,None,None,None,None,None
Family Reunion Meeting,Separated Families,None,None,None,8,None,None,None,None,None,None,,9/20/2003,9/25/2003,None,None,None,None,None,None,None,None,None
Inter-Korean military working-group,Military,None,None,None,8,None,None,"Moon Sung-mook, deputy director of the Defense Ministry",None,None,"Yoo Young Chir, Deputy Director of the Ministry of National Defense",,9/17/2003,None,North Korea,Panmunjom,None,None,None,None,None,None,None
Family Reunion Meeting,Separated Families,None,None,None,7,None,None,None,None,None,None,,6/27/2003,7/2/2003,None,None,None,None,None,None,None,None,None
Inter-Korean Economic Cooperation Promotion Committee,Economic,None,None,None,5,None,None,Kim Kwang-rim Vice Minister of Finance and Economy,None,None,"Park Chang Raun, Vice Chairman of the National Planning Commission",,5/19/2003,5/23/2003,North Korea,Pyongyang,None,None,None,None,None,None,None
Construction of Mt. Kumgang Family Complex Working Group,Separated Families,None,None,None,2,None,None,Min Byong-de Director of Inter-Korean Exchange of Korean Red Cross Society,None,None,"Ham Dong Kyuk, North Korean Construciton Expert",,3/3/2003,3/5/2003,North Korea,Mt. Kumgang,None,None,None,None,None,None,None
Construction of Mt. Kumgang Family Complex Working Group,Separated Families,None,None,None,1,None,None,Min Byong-de Director of Inter-Korean Exchange of Korean Red Cross Society,None,None,"Ham Dong Kyuk, North Korean Construciton Expert",,2/13/2003,2/15/2003,North Korea,Mt. Kumgang,None,None,None,None,None,None,None
Inter-Korean Economic Cooperation Promotion Committee,Economic,None,None,None,4,None,None,Yoon Jin-shik Vice Minister of Finance and Economy,None,None,"Park Chang-raun, Vice Chairman of the  National Planning Commission",,2/11/2003,2/14/2003,South Korea,Seoul,None,None,None,None,None,None,None
Inter-Korean military Working Group,Military,None,None,None,7,None,None,"Moon Sung-mook, deputy director of the Defense Ministry",None,None,"Yoo Young Chir, Deputy Director of the Ministry of National Defense",,1/27/2003,None,North Korea,Mt. Kumgang,None,None,None,None,None,None,None
Inter-Korean Red Cross Working Group,Separated Families,None,None,None,3,None,None,"Lee Byung Woong,  Special Rapporteur of the Korean Red Cross",None,None,"Lee Kum Chul, Member of the Central Committee of the North Korean Red Cross Society",,1/20/2003,1/22/2002,North Korea,Mt. Kumgang,None,None,None,None,None,None,None
North-South Railway and Road Connection Working Group,Infrastructure,Transportation,Economic,None,3,Cho Myung-gyon,None,None,None,None,"Park Jeong Song, Director of Railroad Connection ",,12/15/2002,12/17/2002,North Korea,Mt. Kumgang,None,None,None,None,None,None,None
Inter-Korean Red Cross Working Group,Separated Families,None,None,None,2,None,None,"Lee Byung Woong,  Special Rapporteur of the Korean Red Cross",None,None,"Lee kum-chul, Member of the Central Committee of the North Korean Red Cross Society",,12/12/2002,12/17/2002,North Korea,Mt. Kumgang,None,None,None,None,None,None,None
North-South Railway and Road Connection Working Group,Infrastructure,Transportation,Economic,None,2,Cho Myung-gyon,None,None,None,None,"Park Jeong Song, Director of Railroad Connection (Foreign)",,11/18/2002,11/20/2002,North Korea,Mt. Kumgang,None,None,None,None,None,None,None
Inter-Korean Shipping Cooperation Working Group,Maritime,Economic,Infrastructure,Trade,1,None,None,"Kang Moo-hyun, Director, Marine Fisheries Department",None,None,"Cha Seon Mo, Director of the Coastal Affairs Bureau ",,11/18/2002,11/20/2002,North Korea,Mt. Kumgang,None,None,None,None,None,None,None
Construction of Kaesong Industrial Complex Working Group,Economic,Infrastructure,None,None,1,None,None,"Kang Kyo-Sik, Director, National Policy Division, Ministry of Construction and Transportation",None,None,"Choi Hyun-koo Cabinet Director, Gwangmyeong Province Directorate",,11/18/2002,11/21/2002,North Korea,Mt. Kumgang,None,None,None,None,None,None,None
Inter-Korean Economic Cooperation Promotion Committee,Economic,None,None,None,3,None,None,Yoon Jin-shik Vice Minister of Finance and Economy,None,None,"Park Chang-ryon, National Planning Commission 1st Vice Chairman",,11/6/2002,11/9/2002,South Korea,Seoul ,None,None,None,None,None,None,None
Inter-Korean Red Cross Working Group,Separated Families,None,None,None,1,None,None,"Lee Byung Woong,  Special Rapporteur of the Korean Red Cross",None,None,"Lee kum-chul, Member of the Central Committee of the North Korean Red Cross Society",,10/31/2002,11/2/2002,North Korea,Mt. Kumgang,None,None,None,None,None,None,None
 Inter-Korean Kaesong Industrial Complex Construction Working Group ,Economic,Infrastructure,None,None,1,None,None,"Yoon Oh-soo Director, National Policy Division, Ministry of Construction and Transportation",None,None,"Choi Hyun Koo, Cabinet Member, Gwangmyeong Province Director",,10/30/2002,11/2/2002,North Korea,Pyongyang,None,None,None,None,None,None,None
Inter-Korean Genera-Level Miliatry hotline Working Group,Military,None,None,None,6,None,None,None,None,None,None,,9/16/2002,None,Neutral,Panmunjom,Peace House,None,None,None,None,None,None
Inter-Korean Military Task Force (Continuation of Working-talks),Military,None,None,None,6,None,None,"Kim Kyung-deok, Deputy Director of Arms Control Department, Ministry of National Defense",None,None,"Yoo Young Chul, Deputy director of the People's Armed Forces",,9/16/2002,None,Neutral,Panmunjom,Peace House,None,None,None,None,None,None
Inter-Korea Working Joint Study  at Imnam Dam,Infrastructure,Energy,Military,Environment,None,None,None,"Kim Chang-se, Director of Water Resources Department, Ministry of Construction and Transportation",None,None,"Yang Jong Kyun, Director Ministry of  Construction Materials  ",,9/16/2002,9/18/2002,None,None,None,None,None,None,None,None,None
Inter-Korean Working Military Talks,Military,None,None,None,6,None,None,"Kim Kyung-deok, Deputy Director of Arms Control Department, Ministry of National Defense",None,None,"Yoo Young Chul, deputy director of the People's Armed Forces",,9/14/2002,9/15/2002,Neutral,Panmunjom ,Peace House,None,None,None,None,None,None
Busan Asian Games,Sports,None,None,None,None,None,None,"Park Ki-moon, Secretary General of Busan Asian Games Association Organizing Committee",None,None,"Cho Sang Nam, Secretary of the North Korean Olympic Committee",,8/17/2002,8/19/2002,South Korea,None,None,None,None,None,None,None,<p>The two Koreas discussed on a Working the DPRK's participation in the upcoming sporting event. 
Inter-Korean Ministerial Working Meetings,None,None,None,None,7,None,None,"Lee Bong-jo, Policy Director of Ministry of Unification ",None,None,"Choi Song Ik, Director of Fatherland Secretariat",,8/2/2002,8/4/2002,North Korea,Mt. Kumgang ,None,None,None,None,None,None,None
Family Reunion Meeting,Separated Families,None,None,None,5,None,None,None,None,None,None,,6/13/2002,6/18/2002,None,None,None,None,None,None,None,None,None
Family Reunion Working-group Plenary Meeting,Separated Families,None,None,None,2,None,None,None,None,None,None,,9/20/2000,9/23/2000,North Korea,Mt. Kumgang ,None,None,None,None,None,None,None
Family Reunion Working-group Plenary Meeting,Separated Families,None,None,None,1,None,None,None,None,None,None,,6/27/2000,6/30/2000,North Korea,Mt. Kumgang ,None,None,None,None,None,None,None
First Inter-Korean Summit Preparatory Meeting,Summit,None,None,None,5,None,None,None,None,None,None,,5/18/2000,None,Neutral,Panmunjom,None,None,None,None,None,None,None
First Inter-Korean Summit Preparatory Meeting,Summit,None,None,None,4,None,None,None,None,None,None,,5/8/2000,None,Neutral,Panmunjom,None,None,None,None,None,None,None
First Inter-Korean Summit Preparatory Meeting,Summit,None,None,None,3,None,None,None,None,None,None,,5/3/2000,None,Neutral,Panmunjom,None,None,None,None,None,None,None
First Inter-Korean Summit Preparatory Meeting,Summit,None,None,None,2,None,None,None,None,None,None,,4/27/2000,None,Neutral,Panmunjom,None,None,None,None,None,None,None
First Inter-Korean Summit Preparatory Meeting,Summit,None,None,None,1,None,None,None,None,None,None,,4/22/2000,None,Neutral,Panmunjom,None,None,None,None,None,None,None
